Number,Maker,Genmodel,Genmodel_ID,2020,2019,2018,2017,2016
1,ABARTH,ABARTH 124,2_1,0,19,27,60,0
2,ABARTH,ABARTH 500,2_2,0,0,1,2,66
3,ABARTH,ABARTH 595,2_4,2144,2866,3907,3295,3132
4,ABARTH,ABARTH 695,2_6,45,65,270,114,29
5,ABARTH,ABARTH PUNTO,2_9,0,0,0,0,0
6,ABARTH,ABARTH SPIDER,2_1,0,223,777,409,176
7,ACURA,ACURA TL,100_1,0,0,0,0,0
8,AIXAM,AIXAM 500,3_3,0,0,0,0,0
9,AIXAM,AIXAM A751,3_4,0,0,0,0,0
10,AIXAM,AIXAM COUPE,3_5,0,0,0,0,3
11,AIXAM,AIXAM CROSSLINE,3_1,0,0,0,6,15
12,AIXAM,AIXAM CROSSOVER,3_6,0,2,32,51,50
13,AIXAM,AIXAM MEGA,3_7,0,0,0,0,0
14,AIXAM,AIXAM SCOUTY,3_8,0,0,0,0,0
15,ALFA ROMEO,ALFA ROMEO 147,4_1,0,0,0,0,0
16,ALFA ROMEO,ALFA ROMEO 156,4_2,0,0,0,0,0
17,ALFA ROMEO,ALFA ROMEO 159,4_4,0,3,0,0,0
18,ALFA ROMEO,ALFA ROMEO 166,4_6,0,0,0,0,0
19,ALFA ROMEO,ALFA ROMEO 4C,4_7,0,2,13,106,116
20,ALFA ROMEO,ALFA ROMEO 8C,4_8,0,0,0,0,0
21,ALFA ROMEO,ALFA ROMEO BRERA,4_9,0,0,0,0,0
22,ALFA ROMEO,ALFA ROMEO GIULIA,4_10,676,1392,1427,1849,159
23,ALFA ROMEO,ALFA ROMEO GIULIETTA,4_11,524,564,834,1486,2763
24,ALFA ROMEO,ALFA ROMEO GT,4_12,0,0,0,0,0
25,ALFA ROMEO,ALFA ROMEO GTV,4_13,0,0,0,0,0
26,ALFA ROMEO,ALFA ROMEO MITO,4_14,0,36,378,706,1444
27,ALFA ROMEO,ALFA ROMEO SPIDER,4_15,0,0,0,0,0
28,ALFA ROMEO,ALFA ROMEO STELVIO,4_16,679,1159,1023,203,0
29,ALPINE,ALPINE A110,101_1,102,149,108,0,0
30,ASTON MARTIN,ASTON MARTIN CYGNET,6_1,0,0,0,0,0
31,ASTON MARTIN,ASTON MARTIN DB11,6_2,150,326,404,667,98
32,ASTON MARTIN,ASTON MARTIN DB5,6_12,0,0,0,0,0
33,ASTON MARTIN,ASTON MARTIN DB7,6_3,0,0,0,0,0
34,ASTON MARTIN,ASTON MARTIN DB9,6_4,0,0,0,28,140
35,ASTON MARTIN,ASTON MARTIN DB9O,6_4,0,0,0,0,11
36,ASTON MARTIN,ASTON MARTIN DBS,6_5,202,287,52,0,0
37,ASTON MARTIN,ASTON MARTIN RAPIDE,6_6,15,38,35,48,46
38,ASTON MARTIN,ASTON MARTIN VANQUISH,6_8,0,37,140,181,134
39,ASTON MARTIN,ASTON MARTIN VANTAGE,6_9,191,688,421,243,334
40,ASTON MARTIN,ASTON MARTIN VIRAGE,6_10,0,0,0,0,0
41,AUDI,AUDI A1,7_1,13292,19976,19038,21212,24047
42,AUDI,AUDI A2,7_2,0,1,0,0,0
43,AUDI,AUDI A3,7_3,15079,17396,22958,27935,34335
44,AUDI,AUDI A4,7_5,8903,13013,12026,19667,23312
45,AUDI,AUDI A5,7_9,5155,9572,9063,10868,7766
46,AUDI,AUDI A6,7_11,4069,9843,8392,8973,13552
47,AUDI,AUDI A7,7_15,729,1572,1417,1489,2262
48,AUDI,AUDI A8,7_16,404,758,928,572,707
49,AUDI,AUDI ALLROAD,7_17,0,0,0,0,0
50,AUDI,AUDI E-TRON,7_51,5858,1029,0,0,0
51,AUDI,AUDI Q2,7_18,14817,15487,14253,11645,648
52,AUDI,AUDI Q3,7_19,12674,13987,12550,15598,16640
53,AUDI,AUDI Q5,7_20,8364,12148,11504,9167,9620
54,AUDI,AUDI Q7,7_21,3927,4606,4092,4309,4827
55,AUDI,AUDI Q8,7_49,933,1813,634,0,0
56,AUDI,AUDI QUATTRO,7_22,0,0,1,0,0
57,AUDI,AUDI R8,7_23,121,131,254,298,331
58,AUDI,AUDI RIO,7_35,0,0,1,0,0
59,AUDI,AUDI RS3,7_25,312,837,1145,782,1107
60,AUDI,AUDI RS4,7_26,491,249,550,3,0
61,AUDI,AUDI RS5,7_30,162,407,37,0,2
62,AUDI,AUDI RS6,7_31,663,0,200,633,649
63,AUDI,AUDI RS7,7_33,127,0,9,84,125
64,AUDI,AUDI RSQ3,7_24,697,37,0,0,229
65,AUDI,AUDI S1,7_34,0,1,307,637,586
66,AUDI,AUDI S3,7_35,1404,2705,3017,4917,4144
67,AUDI,AUDI S4,7_36,676,227,1334,2016,101
68,AUDI,AUDI S5,7_39,257,85,2283,3350,764
69,AUDI,AUDI S6,7_41,84,117,151,165,117
70,AUDI,AUDI S7,7_42,66,70,7,54,68
71,AUDI,AUDI S8,7_43,23,0,0,62,210
72,AUDI,AUDI SQ2,7_50,366,881,0,0,0
73,AUDI,AUDI SQ5,7_44,1198,464,2046,1237,2046
74,AUDI,AUDI SQ7,7_45,568,170,871,1016,177
75,AUDI,AUDI TT,7_46,178,331,1875,2856,1837
76,AUDI,AUDI TTRS,7_47,145,216,334,110,151
77,AUDI,AUDI TTS,7_48,2716,4003,1836,3992,6977
78,BENTLEY,BENTLEY ARNAGE,10_1,0,0,0,0,0
79,BENTLEY,BENTLEY AZURE,10_2,0,0,0,0,0
80,BENTLEY,BENTLEY BENTAYGA,10_3,436,387,526,545,342
81,BENTLEY,BENTLEY BROOKLANDS,10_4,0,0,0,0,0
82,BENTLEY,BENTLEY CONTINENTAL,10_5,699,835,600,619,808
83,BENTLEY,BENTLEY FLYING SPUR,10_6,26,1,56,85,126
84,BENTLEY,BENTLEY MULSANNE,10_7,29,52,38,72,110
85,BMW,BMW 1 SERIES,8_1,20764,23624,22628,27044,28879
86,BMW,BMW 2 SERIES,8_2,9408,14842,18884,15426,19046
87,BMW,BMW 3 SERIES,8_5,19985,25262,25391,30716,32119
88,BMW,BMW 4 SERIES,8_7,4540,10539,15716,17039,18612
89,BMW,BMW 5 SERIES,8_9,8801,15789,19961,15263,15781
90,BMW,BMW 6 SERIES,8_11,227,1035,2288,1296,1834
91,BMW,BMW 7 SERIES,8_14,888,1458,1374,1500,1518
92,BMW,BMW 8 SERIES,8_49,1864,1209,219,0,0
93,BMW,BMW I3,8_27,4204,4596,3491,3056,2131
94,BMW,BMW I8,8_28,80,248,389,232,447
95,BMW,BMW M1,8_48,3350,3921,3998,4477,2724
96,BMW,BMW M2,8_29,2636,2604,3010,2807,2358
97,BMW,BMW M3,8_30,1583,561,855,952,777
98,BMW,BMW M4,8_31,1141,1798,2123,1925,1709
99,BMW,BMW M5,8_32,393,611,140,22,404
100,BMW,BMW M6,8_33,0,0,57,135,200
101,BMW,BMW X1,8_35,7396,13529,14626,13353,12247
102,BMW,BMW X2,8_36,3420,6918,4880,0,0
103,BMW,BMW X3,8_37,7438,15773,8197,7931,8903
104,BMW,BMW X4,8_38,1830,3998,2064,2136,2690
105,BMW,BMW X5,8_39,5345,9055,7443,6345,6734
106,BMW,BMW X6,8_41,1077,643,2114,1338,1794
107,BMW,BMW X7,8_50,664,523,0,0,0
108,BMW,BMW Z3,8_43,0,0,0,0,0
109,BMW,BMW Z4,8_45,1428,1928,0,134,1197
110,BMW,BMW Z8,8_47,0,0,0,0,0
111,BRISTOL,BRISTOL FIGHTER,11_1,0,0,0,0,0
112,CADILLAC,CADILLAC BLS,14_1,0,0,0,0,0
113,CADILLAC,CADILLAC CTS,14_2,0,1,0,0,1
114,CADILLAC,CADILLAC ESCALADE,14_3,0,1,5,3,6
115,CADILLAC,CADILLAC STS,14_5,0,0,0,0,0
116,CHEVROLET,CHEVROLET AVEO,16_2,0,0,0,0,0
117,CHEVROLET,CHEVROLET CAMARO,16_4,0,29,21,28,4
118,CHEVROLET,CHEVROLET CAPTIVA,16_5,0,0,1,0,0
119,CHEVROLET,CHEVROLET CORVETTE,16_6,0,14,12,18,3
120,CHEVROLET,CHEVROLET CRUZE,16_7,0,0,0,0,0
121,CHEVROLET,CHEVROLET EPICA,16_8,0,0,0,0,0
122,CHEVROLET,CHEVROLET KALOS,16_10,0,0,0,0,0
123,CHEVROLET,CHEVROLET LACETTI,16_11,0,0,0,0,0
124,CHEVROLET,CHEVROLET MATIZ,16_12,0,0,0,0,0
125,CHEVROLET,CHEVROLET ORLANDO,16_13,0,0,0,0,0
126,CHEVROLET,CHEVROLET SPARK,16_14,0,0,0,0,0
127,CHEVROLET,CHEVROLET TACUMA,16_16,0,0,0,0,0
128,CHEVROLET,CHEVROLET TRAX,16_18,0,0,0,1,0
129,CHEVROLET,CHEVROLET VOLT,16_19,0,0,0,0,0
130,CHRYSLER,CHRYSLER 300,17_1,0,0,0,0,0
131,CHRYSLER,CHRYSLER 300C,17_1,0,0,0,0,0
132,CHRYSLER,CHRYSLER CROSSFIRE,17_2,0,0,0,0,0
133,CHRYSLER,CHRYSLER DELTA,17_3,0,0,0,0,0
134,CHRYSLER,CHRYSLER GRAND VOYAGER,17_4,0,0,0,0,0
135,CHRYSLER,CHRYSLER NEON,17_5,0,0,0,0,0
136,CHRYSLER,CHRYSLER PT CRUISER,17_7,0,0,0,0,0
137,CHRYSLER,CHRYSLER SEBRING,17_8,0,0,0,0,0
138,CHRYSLER,CHRYSLER VOYAGER,17_9,1,0,0,0,0
139,CHRYSLER,CHRYSLER YPSILON,17_10,0,0,0,0,0
140,CITROEN,CITROEN BERLINGO,18_2,1701,3485,2393,2173,3224
141,CITROEN,CITROEN C1,18_6,3734,5272,6950,8700,18096
142,CITROEN,CITROEN C2,18_7,0,0,0,0,0
143,CITROEN,CITROEN C3,18_8,12166,22544,24099,19398,11003
144,CITROEN,CITROEN C4,18_12,3524,8814,12323,15888,25948
145,CITROEN,CITROEN C5,18_15,5086,6499,22,0,103
146,CITROEN,CITROEN C6,18_16,0,0,0,0,0
147,CITROEN,CITROEN C8,18_17,0,0,0,0,0
148,CITROEN,CITROEN C-CROSSER,18_4,0,0,0,0,0
149,CITROEN,CITROEN C-ZERO,18_5,0,1,0,6,22
150,CITROEN,CITROEN DISPATCH,18_18,1,93,22,86,112
151,CITROEN,CITROEN DS3,21_1,0,0,0,0,18
152,CITROEN,CITROEN DS4,21_3,0,0,1,0,11
153,CITROEN,CITROEN DS5,21_5,0,0,0,0,0
154,CITROEN,CITROEN NEMO,18_25,0,0,0,0,0
155,CITROEN,CITROEN SAXO,18_26,0,0,0,0,0
156,CITROEN,CITROEN SPACETOURER,18_27,229,717,895,419,33
157,CITROEN,CITROEN SYNERGIE,18_28,0,0,0,0,0
158,CITROEN,CITROEN XANTIA,18_31,0,0,1,0,0
159,CITROEN,CITROEN XSARA,18_29,0,0,0,0,0
160,CORVETTE,CORVETTE C6,19_1,0,0,0,0,0
161,DACIA,DACIA DUSTER,22_1,8264,14571,8538,6276,7097
162,DACIA,DACIA LOGAN,22_2,794,2284,1783,2271,2824
163,DACIA,DACIA SANDERO,22_3,9344,12748,12542,14937,15091
164,DAEWOO,DAEWOO KALOS,23_1,0,0,0,0,0
165,DAEWOO,DAEWOO LACETTI,23_2,0,0,0,0,0
166,DAEWOO,DAEWOO LANOS,23_6,0,0,0,0,0
167,DAEWOO,DAEWOO LEGANZA,23_7,0,0,0,0,0
168,DAEWOO,DAEWOO MATIZ,23_3,0,0,0,0,0
169,DAEWOO,DAEWOO MUSSO,23_8,0,0,0,0,0
170,DAEWOO,DAEWOO NUBIRA,23_4,0,0,0,0,0
171,DAEWOO,DAEWOO TACUMA,23_5,0,0,0,0,0
172,DAIHATSU,DAIHATSU CHARADE,24_2,0,0,0,0,0
173,DAIHATSU,DAIHATSU COPEN,24_3,0,0,0,0,0
174,DAIHATSU,DAIHATSU CUORE,24_4,0,0,0,0,0
175,DAIHATSU,DAIHATSU FOURTRAK,24_5,0,0,0,0,0
176,DAIHATSU,DAIHATSU MATERIA,24_6,0,0,0,0,0
177,DAIHATSU,DAIHATSU SIRION,24_7,0,0,0,0,0
178,DAIHATSU,DAIHATSU TERIOS,24_8,0,0,0,0,0
179,DAIHATSU,DAIHATSU YRV,24_9,0,0,0,0,0
180,DODGE,DODGE AVENGER,26_1,0,0,0,0,0
181,DODGE,DODGE CALIBER,26_2,0,0,0,0,0
182,DODGE,DODGE JOURNEY,26_5,1,4,4,1,0
183,DODGE,DODGE NITRO,26_6,0,0,0,0,0
184,DS,DS DS3,21_1,1738,2168,3173,6911,11872
185,DS,DS DS4,21_3,0,2,386,990,2355
186,DS,DS DS5,21_5,0,5,122,272,574
187,DS,DS DS7,21_6,581,1457,913,5,0
188,FERRARI,FERRARI 360,27_2,0,0,0,0,0
189,FERRARI,FERRARI 430,27_3,0,0,0,0,0
190,FERRARI,FERRARI 458,27_6,0,0,1,1,5
191,FERRARI,FERRARI 488,27_7,261,274,387,356,236
192,FERRARI,FERRARI 575M,27_9,0,0,0,0,0
193,FERRARI,FERRARI 599,27_10,0,0,0,0,0
194,FERRARI,FERRARI 612,27_11,0,0,0,0,0
195,FERRARI,FERRARI CALIFORNIA,27_13,0,0,8,123,206
196,FERRARI,FERRARI F430,27_18,0,0,0,0,0
197,FERRARI,FERRARI FF,27_19,0,0,0,0,18
198,FERRARI,FERRARI LAFERRARI,27_21,0,1,1,5,7
199,FERRARI,FERRARI PORTOFINO,27_23,207,275,91,0,0
200,FIAT,FIAT 124,28_1,0,15,1231,776,625
201,FIAT,FIAT 500,28_2,13198,20425,24220,28129,47643
202,FIAT,FIAT 500L,28_4,217,417,674,195,2
203,FIAT,FIAT 500X,28_5,2074,3479,1728,255,0
204,FIAT,FIAT 850,28_6,0,0,0,0,0
205,FIAT,FIAT BARCHETTA,28_8,0,0,0,0,0
206,FIAT,FIAT BRAVA,28_9,0,0,0,0,0
207,FIAT,FIAT BRAVO,28_10,0,0,0,0,0
208,FIAT,FIAT CROMA,28_11,0,0,0,0,0
209,FIAT,FIAT DOBLO,28_12,146,236,411,530,739
210,FIAT,FIAT FIORINO,28_13,25,2,2,6,3
211,FIAT,FIAT IDEA,28_16,0,0,0,0,0
212,FIAT,FIAT MAREA,28_30,0,0,0,0,0
213,FIAT,FIAT MULTIPLA,28_17,0,0,0,0,0
214,FIAT,FIAT PANDA,28_18,1723,2537,2623,3445,4779
215,FIAT,FIAT PUNTO,28_19,0,0,311,1212,1711
216,FIAT,FIAT QUBO,28_21,38,104,114,192,161
217,FIAT,FIAT SCUDO,28_22,0,0,0,0,10
218,FIAT,FIAT SEDICI,28_23,0,0,0,0,0
219,FIAT,FIAT SEICENTO,28_24,0,0,0,0,0
220,FIAT,FIAT STILO,28_26,0,0,0,0,0
221,FIAT,FIAT TALENTO,28_27,89,13,52,130,7
222,FIAT,FIAT TIPO,28_28,1005,1601,1935,5949,1134
223,FIAT,FIAT ULYSSE,28_29,0,0,0,0,0
224,FORD,FORD B-MAX,29_1,0,0,662,5232,7154
225,FORD,FORD C-MAX,29_2,0,2583,4753,7330,10640
226,FORD,FORD COUGAR,29_3,0,0,0,0,0
227,FORD,FORD ECOSPORT,29_4,8895,24639,21921,13027,14555
228,FORD,FORD EDGE,29_5,1,990,1589,3856,2305
229,FORD,FORD ESCORT,29_7,0,0,2,0,3
230,FORD,FORD EXPLORER,29_9,0,0,0,1,0
231,FORD,FORD F150,29_11,0,0,0,0,0
232,FORD,FORD FIESTA,29_13,46739,74500,89564,87409,113568
233,FORD,FORD FOCUS,29_14,37738,53901,47374,63283,64870
234,FORD,FORD FREEDOM,29_40,142,85,250,492,325
235,FORD,FORD FUSION,29_18,0,1,1,1,0
236,FORD,FORD GALAXY,29_19,1589,2245,2901,4274,4480
237,FORD,FORD GRAND C-MAX,29_20,0,1058,2738,3631,6592
238,FORD,FORD GT,29_22,0,0,8,0,0
239,FORD,FORD INDEPENDENCE,29_41,1041,1089,738,351,1
240,FORD,FORD KA,29_23,0,0,0,2,5499
241,FORD,FORD KA+,29_24,7,10044,10768,13116,2760
242,FORD,FORD KUGA,29_25,15403,39672,38265,35323,33839
243,FORD,FORD MAVERICK,29_26,0,0,0,0,0
244,FORD,FORD MONDEO,29_27,1871,3836,7115,11345,16291
245,FORD,FORD MONDEO TITANIUM,29_27,448,636,222,3,0
246,FORD,FORD MUSTANG,29_28,1043,1198,2028,1807,2367
247,FORD,FORD PUMA,29_29,25750,180,0,0,0
248,FORD,FORD RANGER,29_30,0,1,7,1,0
249,FORD,FORD S-MAX,29_31,1169,2141,2416,5176,6968
250,FORD,FORD STREETKA,29_32,0,0,0,0,0
251,FORD,FORD TOURNEO CONNECT,29_34,2054,1874,1120,1790,2295
252,FORD,FORD TOURNEO COURIER,29_39,291,1130,8,0,0
253,FORD,FORD TOURNEO CUSTOM,29_35,2697,3097,3333,2600,1398
254,FORD,FORD TRANSIT CONNECT,29_36,39,225,322,174,245
255,FORD,FORD TRANSIT COURIER,29_37,16,55,24,0,8
256,FORD,FORD TRANSIT CUSTOM,29_38,232,500,202,148,96
257,HONDA,HONDA ACCORD,34_1,3,1,3,6,2
258,HONDA,HONDA CIVIC,34_2,5648,12489,13638,14311,16278
259,HONDA,HONDA CRV,34_3,0,44,8207,11754,14558
260,HONDA,HONDA CR-V,34_3,5420,7873,1389,0,1
261,HONDA,HONDA CR-Z,34_4,0,0,0,0,0
262,HONDA,HONDA FR-V,34_7,0,0,0,0,0
263,HONDA,HONDA HR-V,34_8,3586,4663,5946,5726,6839
264,HONDA,HONDA INSIGHT,34_9,0,1,0,0,0
265,HONDA,HONDA INTEGRA,34_10,0,0,0,0,0
266,HONDA,HONDA JAZZ,34_11,10537,16262,19585,17322,18273
267,HONDA,HONDA LEGEND,34_12,0,0,0,0,0
268,HONDA,HONDA NSX,34_13,4,9,11,44,7
269,HONDA,HONDA ODYSSEY,34_14,0,1,2,1,6
270,HONDA,HONDA PRELUDE,34_19,0,0,0,0,0
271,HONDA,HONDA S2000,34_16,0,0,0,0,0
272,HONDA,HONDA STEPWAGON,34_17,0,0,0,0,0
273,HONDA,HONDA STREAM,34_18,0,0,0,0,0
274,HUMMER,HUMMER H2,35_2,0,0,0,0,0
275,HUMMER,HUMMER H3,35_3,0,0,0,0,0
276,HYUNDAI,HYUNDAI ACCENT,36_1,0,0,0,0,0
277,HYUNDAI,HYUNDAI AMICA,36_2,0,0,0,0,0
278,HYUNDAI,HYUNDAI COUPE,36_3,0,0,0,0,0
279,HYUNDAI,HYUNDAI ELANTRA,36_4,0,0,0,0,0
280,HYUNDAI,HYUNDAI GENESIS,36_5,0,0,0,3,19
281,HYUNDAI,HYUNDAI GETZ,36_6,0,0,0,0,0
282,HYUNDAI,HYUNDAI GRANDEUR,36_7,0,0,0,0,0
283,HYUNDAI,HYUNDAI I10,36_8,6452,17947,20719,23664,22569
284,HYUNDAI,HYUNDAI I20,36_9,4207,7393,8877,11863,14178
285,HYUNDAI,HYUNDAI I30,36_10,1650,4281,7491,7090,10402
286,HYUNDAI,HYUNDAI I40,36_12,6,524,1324,2865,4019
287,HYUNDAI,HYUNDAI I800,36_13,79,1734,1124,1327,1014
288,HYUNDAI,HYUNDAI IONIQ,36_14,7096,8310,7263,4818,421
289,HYUNDAI,HYUNDAI IX20,36_15,119,1564,2241,3876,3779
290,HYUNDAI,HYUNDAI IX35,36_16,0,0,0,2,336
291,HYUNDAI,HYUNDAI KONA,36_17,12073,8561,6508,425,0
292,HYUNDAI,HYUNDAI LANTRA,36_4,0,0,0,0,0
293,HYUNDAI,HYUNDAI MATRIX,36_18,0,0,0,0,0
294,HYUNDAI,HYUNDAI SANTA FE,36_20,544,1182,2071,2827,4525
295,HYUNDAI,HYUNDAI SONATA,36_21,0,0,0,0,0
296,HYUNDAI,HYUNDAI TERRACAN,36_22,0,0,0,0,0
297,HYUNDAI,HYUNDAI TRAJET,36_23,0,0,0,0,0
298,HYUNDAI,HYUNDAI TUCSON,36_24,12887,25445,25419,24127,21703
299,HYUNDAI,HYUNDAI VELOSTER,36_25,0,0,0,0,0
300,INFINITI,INFINITI FX30,37_2,0,0,0,0,0
301,INFINITI,INFINITI Q30,37_5,0,208,312,2505,1764
302,INFINITI,INFINITI Q50,37_6,0,18,258,400,633
303,INFINITI,INFINITI Q60,37_7,0,3,60,89,15
304,INFINITI,INFINITI Q70,37_8,0,1,4,132,84
305,INFINITI,INFINITI QX30,37_9,0,48,85,131,53
306,INFINITI,INFINITI QX50,37_10,0,0,0,0,33
307,INFINITI,INFINITI QX70,37_11,0,0,0,10,143
308,ISUZU,ISUZU D-MAX,38_2,0,1,6,0,1
309,ISUZU,ISUZU TROOPER,38_4,0,0,0,0,0
310,JAGUAR,JAGUAR EAGLE,39_14,52,78,88,96,81
311,JAGUAR,JAGUAR E-PACE,39_1,6130,10661,10141,211,0
312,JAGUAR,JAGUAR F TYPE,39_3,643,753,1448,1968,1976
313,JAGUAR,JAGUAR F-PACE,39_2,6478,9629,10458,12179,7590
314,JAGUAR,JAGUAR F-TYPE,39_3,302,705,248,0,0
315,JAGUAR,JAGUAR I-PACE,39_13,8218,3935,708,0,0
316,JAGUAR,JAGUAR S TYPE,39_4,0,0,0,0,0
317,JAGUAR,JAGUAR X TYPE,39_5,0,0,0,0,0
318,JAGUAR,JAGUAR XE SERIES,39_6,1619,4478,5585,10692,12422
319,JAGUAR,JAGUAR XF SERIES,39_7,1292,3235,5549,7023,8709
320,JAGUAR,JAGUAR XJ SERIES,39_8,166,400,710,884,1086
321,JAGUAR,JAGUAR XK SERIES,39_9,0,0,0,0,0
322,JEEP,JEEP CHEROKEE,40_1,4,25,321,558,1487
323,JEEP,JEEP COMMANDER,40_2,0,0,0,0,0
324,JEEP,JEEP COMPASS,40_3,1652,2969,2319,18,0
325,JEEP,JEEP GRAND CHEROKEE,40_4,64,249,412,861,986
326,JEEP,JEEP PATRIOT,40_5,0,0,0,0,0
327,JEEP,JEEP RENEGADE,40_6,1898,1798,2314,3953,10422
328,JEEP,JEEP WRANGLER,40_7,755,621,365,248,257
329,KIA,KIA CARENS,43_1,0,87,1535,1764,1811
330,KIA,KIA CEED,43_2,4053,9763,8519,7692,8583
331,KIA,KIA CERATO,43_3,0,0,0,0,0
332,KIA,KIA CLARUS,43_3,1,0,0,0,0
333,KIA,KIA MAGENTIS,43_4,0,0,0,0,0
334,KIA,KIA MENTOR,43_17,0,0,0,0,0
335,KIA,KIA NIRO,43_5,18234,8932,6089,4047,1197
336,KIA,KIA OPTIMA,43_6,131,1723,2731,3267,1272
337,KIA,KIA PICANTO,43_7,8935,17372,15738,12866,12588
338,KIA,KIA PRO CEED,43_8,936,1814,519,906,1214
339,KIA,KIA RIO,43_9,3395,4854,5621,7998,8936
340,KIA,KIA SEDONA,43_10,3,0,0,0,1
341,KIA,KIA SHUMA,43_17,0,0,0,0,0
342,KIA,KIA SORENTO,43_11,1161,2724,2752,3126,3182
343,KIA,KIA SOUL,43_12,871,339,1920,1645,2129
344,KIA,KIA SPORTAGE,43_13,17323,32594,34280,35672,37482
345,KIA,KIA STINGER,43_14,4,42,0,0,0
346,KIA,KIA STONIC,43_15,4502,8099,6753,699,0
347,KIA,KIA STINGER,43_14,198,852,623,124,0
348,KIA,KIA VENGA,43_16,0,2608,3641,5478,5686
349,KIA,KIA XCEED,43_19,6370,813,0,0,0
350,LAMBORGHINI,LAMBORGHINI AVENTADOR,45_1,63,89,97,65,61
351,LAMBORGHINI,LAMBORGHINI DIABLO,45_2,0,0,0,0,0
352,LAMBORGHINI,LAMBORGHINI GALLARDO,45_3,0,0,0,0,0
353,LAMBORGHINI,LAMBORGHINI HURACAN,45_4,96,160,172,87,62
354,LAMBORGHINI,LAMBORGHINI MURCIELAGO,45_5,0,0,0,0,0
355,LAND ROVER,LAND ROVER 110,47_1,0,1,2,0,0
356,LAND ROVER,LAND ROVER DEFENDER,47_5,4296,1,0,0,2
357,LAND ROVER,LAND ROVER DISCOVERY,47_6,15762,22509,26722,33138,31681
358,LAND ROVER,LAND ROVER FREELANDER,47_11,0,0,0,0,26
359,LAND ROVER,LAND ROVER RANGE ROVER,47_13,36052,48419,45902,42860,41679
360,LEXUS,LEXUS CT 200,48_1,1245,1815,2606,2788,2827
361,LEXUS,LEXUS ES 300,48_32,1058,931,0,0,0
362,LEXUS,LEXUS GS 250,48_2,0,0,0,0,0
363,LEXUS,LEXUS GS 300,48_2,0,3,205,309,491
364,LEXUS,LEXUS GS 450,48_2,0,0,21,29,46
365,LEXUS,LEXUS GS300,48_2,0,0,0,0,4
366,LEXUS,LEXUS IS F,48_8,0,0,0,0,0
367,LEXUS,LEXUS IS200,48_8,0,0,0,17,69
368,LEXUS,LEXUS IS220,48_8,0,0,0,0,0
369,LEXUS,LEXUS IS250,48_8,0,0,0,0,0
370,LEXUS,LEXUS IS300,48_8,555,1134,1411,1427,1852
371,LEXUS,LEXUS LC 500,48_14,45,70,136,145,0
372,LEXUS,LEXUS LS430,48_15,0,0,0,0,0
373,LEXUS,LEXUS NX300,48_18,4142,4443,4486,3656,3607
374,LEXUS,LEXUS RC 300,48_21,247,385,380,394,532
375,LEXUS,LEXUS RC F,48_21,6,10,17,13,28
376,LEXUS,LEXUS RX300,48_24,0,0,0,0,0
377,LEXUS,LEXUS RX350,48_24,0,0,0,0,0
378,LEXUS,LEXUS RX400,48_24,0,0,0,0,0
379,LEXUS,LEXUS RX450,48_24,1621,1880,1554,2000,2319
380,LEXUS,LEXUS RX,48_24,341,472,386,0,0
381,LEXUS,LEXUS SC430,48_30,0,0,0,0,0
382,LEXUS,LEXUS UX 250H,48_31,3899,3336,0,0,0
383,LINCOLN,LINCOLN TOWN CAR,49_2,0,0,0,0,0
384,LOTUS,LOTUS ELISE,51_3,70,78,60,75,81
385,LOTUS,LOTUS ESPRIT,51_5,0,0,0,0,0
386,LOTUS,LOTUS EVORA,51_6,23,44,53,32,71
387,LOTUS,LOTUS EXIGE,51_7,73,72,75,74,75
388,MASERATI,MASERATI 3200,55_1,0,0,0,0,0
389,MASERATI,MASERATI COUPE,55_4,0,0,0,0,0
390,MASERATI,MASERATI GHIBLI,55_5,101,222,346,466,792
391,MASERATI,MASERATI GRAN TURISMO,55_8,2,12,0,0,2
392,MASERATI,MASERATI GRANCABRIO,55_6,14,23,39,31,52
393,MASERATI,MASERATI GRANSPORT,55_7,0,0,0,0,0
394,MASERATI,MASERATI GRANTURISMO,55_8,18,58,92,57,88
395,MASERATI,MASERATI LEVANTE,55_9,408,512,599,629,95
396,MASERATI,MASERATI QUATTROPORTE,55_10,9,39,66,70,121
397,MASERATI,MASERATI SPYDER,55_11,0,0,0,0,0
398,MAYBACH,MAYBACH 57,56_1,0,0,0,0,0
399,MAYBACH,MAYBACH 62,56_2,0,0,0,0,0
400,MAZDA,MAZDA 2,57_10,4091,8360,7936,7537,10122
401,MAZDA,MAZDA 3,57_11,4232,4276,6899,8013,10650
402,MAZDA,MAZDA 323,57_1,0,0,2,0,0
403,MAZDA,MAZDA 5,57_12,0,0,0,0,14
404,MAZDA,MAZDA 6,57_13,1025,4376,3234,4645,7113
405,MAZDA,MAZDA 626,57_2,0,0,0,0,0
406,MAZDA,MAZDA B2500,57_3,0,0,0,0,0
407,MAZDA,MAZDA CX3,57_6,2721,16161,9522,4732,4854
408,MAZDA,MAZDA CX5,57_7,2938,1411,5924,6961,7169
409,MAZDA,MAZDA CX7,57_8,0,0,0,0,0
410,MAZDA,MAZDA DEMIO,57_9,0,0,0,0,0
411,MAZDA,MAZDA MPV,57_14,0,0,0,0,0
412,MAZDA,MAZDA MX5,57_15,882,0,0,0,0
413,MAZDA,MAZDA MX-5,57_15,175,3988,4060,4408,3972
414,MAZDA,MAZDA PREMACY,57_17,0,0,0,0,0
415,MAZDA,MAZDA RX8,57_18,0,0,0,0,0
416,MAZDA,MAZDA TRIBUTE,57_19,0,0,0,0,0
417,MCLAREN,MCLAREN 540C,58_2,1,7,9,43,17
418,MCLAREN,MCLAREN 570GT,58_3,6,52,51,84,7
419,MCLAREN,MCLAREN 570S,58_4,21,120,195,149,85
420,MCLAREN,MCLAREN 600LT,58_9,116,153,15,0,0
421,MCLAREN,MCLAREN 650S,58_5,0,1,0,0,28
422,MCLAREN,MCLAREN 675LT,58_6,0,0,0,12,40
423,MCLAREN,MCLAREN 720S,58_7,80,145,194,92,0
424,MCLAREN,MCLAREN P1,58_8,0,0,0,0,0
425,MERCEDES,MERCEDES 200,59_1,0,0,1,0,0
426,MERCEDES,MERCEDES 500,59_7,0,1,0,0,0
427,MERCEDES,MERCEDES A CLASS,59_8,34775,47026,40848,39355,37366
428,MERCEDES,MERCEDES AMG CLASS,59_9,5205,9067,4122,3138,1605
429,MERCEDES,MERCEDES B CLASS,59_11,2720,3975,3821,5540,5293
430,MERCEDES,MERCEDES C CLASS,59_12,9676,21683,28412,39648,37729
431,MERCEDES,MERCEDES CITAN,59_13,37,6,3,4,1
432,MERCEDES,MERCEDES CL CLASS,59_15,0,0,0,0,0
433,MERCEDES,MERCEDES CLA CLASS,59_16,7782,8497,8408,8032,7755
434,MERCEDES,MERCEDES CLC CLASS,59_17,0,0,0,0,0
435,MERCEDES,MERCEDES CLK CLASS,59_18,0,0,0,0,0
436,MERCEDES,MERCEDES CLS CLASS,59_19,349,1021,988,1437,2112
437,MERCEDES,MERCEDES E CLASS,59_20,9725,18372,20137,20884,20580
438,MERCEDES,MERCEDES G CLASS,59_21,167,139,62,96,80
439,MERCEDES,MERCEDES GL CLASS,59_22,1,1,0,3,214
440,MERCEDES,MERCEDES GLA CLASS,59_23,9386,17092,16435,12308,10312
441,MERCEDES,MERCEDES GLC CLASS,59_24,11711,17627,19632,12766,9509
442,MERCEDES,MERCEDES GLE CLASS,59_25,5327,3527,5810,4168,5366
443,MERCEDES,MERCEDES GLS CLASS,59_26,433,395,624,679,426
444,MERCEDES,MERCEDES ML CLASS,59_27,0,0,0,0,7
445,MERCEDES,MERCEDES R CLASS,59_28,0,0,0,0,0
446,MERCEDES,MERCEDES S CLASS,59_29,563,1807,1951,2114,1988
447,MERCEDES,MERCEDES SL CLASS,59_30,212,328,352,537,662
448,MERCEDES,MERCEDES SLC CLASS,59_31,544,898,1356,3077,2054
449,MERCEDES,MERCEDES SLK CLASS,59_32,0,0,0,1,1193
450,MERCEDES,MERCEDES SPRINTER,59_35,219,186,158,176,168
451,MERCEDES,MERCEDES V CLASS,59_36,810,1980,1859,1849,1346
452,MERCEDES,MERCEDES VANEO,59_37,0,0,0,0,0
453,MERCEDES,MERCEDES VIANO,59_38,0,0,0,0,1
454,MERCEDES,MERCEDES VITO,59_39,729,2114,1432,1238,990
455,MERCEDES,MERCEDES X CLASS,59_40,2,4,0,0,0
456,MG,MG 3,53_2,2236,3260,2566,2853,3059
457,MG,MG 6,53_3,0,0,0,0,348
458,MG,MG GS,53_1,0,351,932,923,561
459,MG,MG MG6,53_3,0,0,0,0,0
460,MG,MG MGF,53_4,0,0,0,0,0
461,MG,MG TF,53_5,0,0,0,0,0
462,MG,MG XS,53_10,3923,7252,5149,353,0
463,MG,MG ZR,53_6,0,0,0,0,0
464,MG,MG ZS,53_7,8158,1075,0,0,0
465,MG,MG ZT,53_8,0,0,0,0,0
466,MICROCAR,MICROCAR M-GO,61_1,0,0,35,49,91
467,MINI,MINI CLUBMAN,54_1,3432,5746,6930,7302,8451
468,MINI,MINI COOPER,54_6,26817,36432,38958,35837,35204
469,MINI,MINI COUNTRYMAN,54_4,9758,16288,13653,10329,7969
470,MINI,MINI FIRST,54_6,0,0,0,0,0
471,MINI,MINI JOHN COOPER WORKS,54_9,3083,2595,2622,2535,2192
472,MINI,MINI ONE,54_6,1155,1598,1627,5801,9514
473,MINI,MINI PACEMAN,54_7,0,0,0,118,1279
474,MINI,MINI ROADSTER,54_8,0,0,0,0,1
475,MITSUBISHI,MITSUBISHI ASX,62_1,1425,1477,2251,3860,3263
476,MITSUBISHI,MITSUBISHI CARISMA,62_2,0,0,0,0,0
477,MITSUBISHI,MITSUBISHI COLT,62_3,0,0,0,0,0
478,MITSUBISHI,MITSUBISHI DELICA,62_6,0,0,0,0,0
479,MITSUBISHI,MITSUBISHI ECLIPSE,62_7,1195,3929,5496,101,0
480,MITSUBISHI,MITSUBISHI FTO,62_8,0,0,0,0,0
481,MITSUBISHI,MITSUBISHI GALANT,62_9,0,0,0,0,0
482,MITSUBISHI,MITSUBISHI GRANDIS,62_10,0,0,0,0,0
483,MITSUBISHI,MITSUBISHI L200,62_13,1,0,0,0,0
484,MITSUBISHI,MITSUBISHI LANCER,62_14,0,0,0,0,0
485,MITSUBISHI,MITSUBISHI MIRAGE,62_15,701,1114,1069,1250,1381
486,MITSUBISHI,MITSUBISHI OUTLANDER,62_16,4407,8195,10457,8198,10295
487,MITSUBISHI,MITSUBISHI PAJERO,62_17,0,0,0,0,0
488,MITSUBISHI,MITSUBISHI SHOGUN,62_18,566,651,969,955,1392
489,MITSUBISHI,MITSUBISHI SPACE STAR,62_21,0,0,0,0,1
490,MITSUBISHI,MITSUBISHI SPACE WAGON,62_22,0,0,0,0,0
491,MORGAN,MORGAN AERO,63_2,0,0,0,0,2
492,MORGAN,MORGAN PLUS 4,63_3,101,84,60,54,102
493,MORGAN,MORGAN PLUS 8,63_4,0,1,9,5,7
494,MORGAN,MORGAN ROADSTER,63_5,10,25,28,29,31
495,NISSAN,NISSAN 350,64_1,0,0,0,0,0
496,NISSAN,NISSAN 370,64_2,87,104,139,155,185
497,NISSAN,NISSAN ALMERA,64_3,0,0,0,0,0
498,NISSAN,NISSAN CUBE,64_5,0,0,0,0,1
499,NISSAN,NISSAN E-NV200,64_7,265,213,58,111,98
500,NISSAN,NISSAN FAIRLADY,64_10,0,0,0,0,0
501,NISSAN,NISSAN GT,64_13,0,0,1,0,0
502,NISSAN,NISSAN GT-R,64_13,94,130,148,234,145
503,NISSAN,NISSAN JUKE,64_14,17697,18506,23275,35455,36790
504,NISSAN,NISSAN LEAF,64_16,8098,5040,4885,4613,3966
505,NISSAN,NISSAN MICRA,64_17,6266,8433,9599,12179,10781
506,NISSAN,NISSAN MURANO,64_19,0,0,1,0,1
507,NISSAN,NISSAN NAVARA,64_20,0,1,0,0,0
508,NISSAN,NISSAN NOTE,64_21,0,0,0,5109,10861
509,NISSAN,NISSAN NV200,64_22,0,0,37,100,258
510,NISSAN,NISSAN NV300,64_23,8,8,7,102,0
511,NISSAN,NISSAN PATHFINDER,64_24,0,0,0,0,0
512,NISSAN,NISSAN PATROL,64_25,0,0,0,0,0
513,NISSAN,NISSAN PIXO,64_28,0,0,0,0,0
514,NISSAN,NISSAN PRIMASTAR,64_30,0,0,0,0,0
515,NISSAN,NISSAN PRIMERA,64_31,0,0,0,0,0
516,NISSAN,NISSAN PULSAR,64_32,0,0,1971,4080,6287
517,NISSAN,NISSAN QASHQAI,64_33,32264,49307,47376,57548,58132
518,NISSAN,NISSAN SERENA,64_35,0,1,0,0,0
519,NISSAN,NISSAN SKYLINE,64_36,0,0,0,0,0
520,NISSAN,NISSAN STAGEA,64_37,0,0,0,0,0
521,NISSAN,NISSAN TERRANO,64_38,0,0,0,0,0
522,NISSAN,NISSAN X-TRAIL,64_41,4508,5587,8884,16721,14851
523,NOBLE,NOBLE M600,65_2,0,0,1,0,1
524,OPEL,OPEL ASTRA,66_1,0,0,0,1,0
525,OPEL,OPEL INSIGNIA,66_2,0,0,0,0,0
526,OPEL,OPEL ZAFIRA,66_3,0,0,0,0,0
527,PERODUA,PERODUA KELISA,68_1,0,0,0,0,0
528,PERODUA,PERODUA KENARI,68_3,0,0,0,0,0
529,PERODUA,PERODUA MYVI,68_2,0,0,0,1,0
530,PEUGEOT,PEUGEOT 1007,69_1,0,0,0,0,0
531,PEUGEOT,PEUGEOT 106,69_2,0,0,0,0,0
532,PEUGEOT,PEUGEOT 107,69_3,0,0,0,0,0
533,PEUGEOT,PEUGEOT 108,69_4,4663,5106,8072,11504,17127
534,PEUGEOT,PEUGEOT 2008,69_5,11694,11904,12383,16154,18517
535,PEUGEOT,PEUGEOT 206,69_6,3,2,0,0,0
536,PEUGEOT,PEUGEOT 207,69_9,0,0,0,0,0
537,PEUGEOT,PEUGEOT 208,69_12,13103,19851,18310,16970,26342
538,PEUGEOT,PEUGEOT 3008,69_13,11837,19082,18881,15897,6715
539,PEUGEOT,PEUGEOT 306,69_14,1,0,0,0,0
540,PEUGEOT,PEUGEOT 307,69_15,0,0,0,0,0
541,PEUGEOT,PEUGEOT 308,69_18,4090,6772,8857,9543,15339
542,PEUGEOT,PEUGEOT 4007,69_21,0,0,0,0,0
543,PEUGEOT,PEUGEOT 406,69_22,0,2,0,0,0
544,PEUGEOT,PEUGEOT 407,69_23,0,0,0,0,0
545,PEUGEOT,PEUGEOT 5008,69_25,4864,5619,5264,734,1729
546,PEUGEOT,PEUGEOT 508,69_26,1635,1952,401,487,977
547,PEUGEOT,PEUGEOT 607,69_28,0,0,2,0,0
548,PEUGEOT,PEUGEOT 806,69_38,0,0,0,0,0
549,PEUGEOT,PEUGEOT 807,69_29,0,0,0,0,0
550,PEUGEOT,PEUGEOT BIPPER,69_30,0,0,0,0,0
551,PEUGEOT,PEUGEOT BOXER,69_41,191,220,106,224,197
552,PEUGEOT,PEUGEOT EXPERT,69_31,8,54,34,49,104
553,PEUGEOT,PEUGEOT HORIZON,69_34,171,450,1420,1347,1305
554,PEUGEOT,PEUGEOT INDEPENDENCE,69_43,0,0,0,9,441
555,PEUGEOT,PEUGEOT ION,69_33,0,0,3,11,35
556,PEUGEOT,PEUGEOT PARTNER,69_34,0,35,1123,1144,1777
557,PEUGEOT,PEUGEOT RCZ,69_36,0,0,0,0,258
558,PEUGEOT,PEUGEOT RIFTER,69_42,2497,3049,469,0,0
559,PEUGEOT,PEUGEOT TRAVELLER,69_37,387,695,592,497,40
560,PORSCHE,PORSCHE 718 BOXSTER,71_2,297,696,762,958,722
561,PORSCHE,PORSCHE 718 CAYMAN,71_3,651,910,883,924,262
562,PORSCHE,PORSCHE 911,71_4,1915,2459,1982,1775,1587
563,PORSCHE,PORSCHE 918,71_5,0,0,0,0,0
564,PORSCHE,PORSCHE BOXSTER,71_6,157,189,229,0,445
565,PORSCHE,PORSCHE CAYENNE,71_8,2868,3409,1869,1782,2843
566,PORSCHE,PORSCHE CAYMAN,71_9,201,257,405,0,641
567,PORSCHE,PORSCHE MACAN,71_10,3780,4764,3880,5341,4143
568,PORSCHE,PORSCHE PANAMERA,71_11,495,822,779,953,339
569,PROTON,PROTON GEN 2,72_1,0,0,0,0,0
570,PROTON,PROTON IMPIAN,72_2,0,0,0,0,0
571,PROTON,PROTON PERSONA,72_4,0,0,0,0,0
572,PROTON,PROTON SATRIA,72_5,0,0,0,0,0
573,PROTON,PROTON SAVVY,72_6,0,0,0,0,0
574,PROTON,PROTON WIRA,72_7,0,0,0,0,0
575,RENAULT,RENAULT CAPTUR,75_1,12853,19247,20864,18742,24286
576,RENAULT,RENAULT CLIO,75_2,10568,16083,19682,18500,22571
577,RENAULT,RENAULT ESPACE,75_3,0,0,0,0,1
578,RENAULT,RENAULT FLUENCE,75_4,0,0,0,0,0
579,RENAULT,RENAULT GRAND SCENIC,75_7,262,851,657,1072,1262
580,RENAULT,RENAULT KADJAR,75_8,8029,10811,10995,13903,19252
581,RENAULT,RENAULT KANGOO,75_9,1,0,0,0,0
582,RENAULT,RENAULT KOLEOS,75_10,488,946,928,672,0
583,RENAULT,RENAULT LAGUNA,75_11,0,0,0,0,0
584,RENAULT,RENAULT MASTER,75_23,208,218,258,304,282
585,RENAULT,RENAULT MEGANE,75_12,1100,2525,2111,5225,5287
586,RENAULT,RENAULT MODUS,75_13,0,0,0,0,0
587,RENAULT,RENAULT SCENIC,75_14,8,287,569,1061,1105
588,RENAULT,RENAULT TRAFIC,75_17,794,626,708,975,1034
589,RENAULT,RENAULT TWINGO,75_18,0,226,807,1413,3005
590,RENAULT,RENAULT TWIZY,75_19,1,0,20,13,38
591,RENAULT,RENAULT VEL SATIS,75_20,0,0,0,0,0
592,RENAULT,RENAULT WIND ROADSTER,75_21,0,0,0,0,0
593,RENAULT,RENAULT ZOE,75_22,6279,2231,1737,963,1527
594,Reva,Reva G-WIZ,76_1,0,0,0,0,0
595,ROLLS ROYCE,ROLLS ROYCE CORNICHE,77_1,0,0,0,0,0
596,ROLLS ROYCE,ROLLS ROYCE DAWN,77_2,50,63,98,109,108
597,ROLLS ROYCE,ROLLS ROYCE GHOST,77_3,64,39,51,64,60
598,ROLLS ROYCE,ROLLS ROYCE PHANTOM,77_4,29,45,62,7,37
599,ROLLS ROYCE,ROLLS ROYCE SILVER SERAPH,77_5,0,0,0,0,0
600,ROLLS ROYCE,ROLLS ROYCE WRAITH,77_6,31,50,74,78,87
601,ROVER,ROVER 25,78_1,0,0,0,0,0
602,ROVER,ROVER 45,78_2,0,0,0,0,0
603,ROVER,ROVER 75,78_3,0,0,0,0,0
604,ROVER,ROVER CITYROVER,78_5,0,0,0,0,0
605,ROVER,ROVER MINI,78_6,0,0,0,0,0
606,ROVER,ROVER STREETWISE,78_7,0,0,0,0,0
607,SAAB,SAAB 9-3,81_1,0,0,0,0,0
608,SAAB,SAAB 9-5,81_3,0,0,0,0,1
609,SANTANA,SANTANA PS10,82_1,0,0,0,0,0
610,SEAT,SEAT ALHAMBRA,79_1,768,2475,2294,5121,3795
611,SEAT,SEAT ALTEA,79_2,0,0,0,0,0
612,SEAT,SEAT ARONA,79_4,10508,14841,11686,575,0
613,SEAT,SEAT AROSA,79_5,0,0,0,0,0
614,SEAT,SEAT ATECA,79_6,7565,11040,8983,9446,1904
615,SEAT,SEAT CORDOBA,79_7,0,0,0,0,0
616,SEAT,SEAT EXEO,79_8,0,0,0,0,0
617,SEAT,SEAT IBIZA,79_9,8253,13255,12520,15531,18864
618,SEAT,SEAT LEON,79_10,13516,18968,20765,18362,17031
619,SEAT,SEAT MII,79_11,297,1287,1244,1446,2193
620,SEAT,SEAT TARRACO,79_13,2777,4268,0,0,0
621,SEAT,SEAT TOLEDO,79_12,0,87,1212,793,740
622,SKODA,SKODA CITIGO,80_1,278,4546,5125,6091,7762
623,SKODA,SKODA FABIA,80_2,9326,14679,16476,17421,19681
624,SKODA,SKODA FELICIA,80_11,0,0,0,0,0
625,SKODA,SKODA KAROQ,80_3,12213,14566,13625,83,0
626,SKODA,SKODA KODIAQ,80_4,7310,8778,7547,6052,0
627,SKODA,SKODA OCTAVIA,80_5,11363,19631,16501,18337,21156
628,SKODA,SKODA RAPID,80_6,0,501,2154,4010,4422
629,SKODA,SKODA ROOMSTER,80_8,0,0,0,0,3
630,SKODA,SKODA SCALA,80_12,3050,1420,0,0,0
631,SKODA,SKODA SUPERB,80_9,4779,6775,7577,9087,8818
632,SKODA,SKODA YETI,80_10,0,0,49,10875,13146
633,SMART,SMART CITY,84_2,0,0,0,0,0
634,SMART,SMART FORFOUR,84_1,703,1926,3825,4613,5060
635,SMART,SMART FORTWO,84_2,598,1878,3339,4574,5499
636,SMART,SMART ROADSTER,84_3,0,0,0,0,0
637,SSANGYONG,SSANGYONG KORANDO,85_1,724,697,733,886,1048
638,SSANGYONG,SSANGYONG KYRON,85_3,0,0,0,0,0
639,SSANGYONG,SSANGYONG MUSSO,85_4,0,0,0,0,0
640,SSANGYONG,SSANGYONG REXTON,85_5,202,310,326,412,350
641,SSANGYONG,SSANGYONG RODIUS,85_6,4,57,493,597,625
642,SSANGYONG,SSANGYONG TIVOLI,85_7,496,725,1064,1360,2108
643,SUBARU,SUBARU BRZ,86_1,24,76,84,144,123
644,SUBARU,SUBARU FORESTER,86_2,206,1008,884,842,1192
645,SUBARU,SUBARU IMPREZA,86_3,11,108,159,78,149
646,SUBARU,SUBARU JUSTY,86_4,0,0,0,0,0
647,SUBARU,SUBARU LEGACY,86_5,1,0,0,1,0
648,SUBARU,SUBARU LEVORG,86_6,64,74,14,106,187
649,SUBARU,SUBARU OUTBACK,86_7,240,571,645,458,757
650,SUBARU,SUBARU WRX,86_10,0,5,105,304,335
651,SUBARU,SUBARU XV,86_11,318,918,1093,597,739
652,SUZUKI,SUZUKI ALTO,87_1,0,0,0,0,0
653,SUZUKI,SUZUKI BALENO,87_2,0,1046,1417,2180,1929
654,SUZUKI,SUZUKI CELERIO,87_3,0,2129,4069,6345,7963
655,SUZUKI,SUZUKI GRAND VITARA,87_4,0,0,0,0,0
656,SUZUKI,SUZUKI IGNIS,87_5,3924,3579,5654,5765,253
657,SUZUKI,SUZUKI JIMNY,87_6,862,1169,477,934,1036
658,SUZUKI,SUZUKI KIZASHI,87_7,0,0,0,0,0
659,SUZUKI,SUZUKI LIANA,87_8,0,0,0,0,0
660,SUZUKI,SUZUKI SPLASH,87_9,0,0,0,0,0
661,SUZUKI,SUZUKI SWIFT,87_10,7975,10931,10021,7932,10623
662,SUZUKI,SUZUKI SX4,87_11,877,2027,2740,3045,3487
663,SUZUKI,SUZUKI VITARA,87_13,5141,12497,11938,10936,11040
664,SUZUKI,SUZUKI WAGON R+,87_14,0,0,0,0,0
665,TATA,TATA SAFARI,89_1,0,0,0,0,0
666,TESLA,TESLA MODEL 3,90_3,22120,10317,1,0,0
667,TESLA,TESLA MODEL S,90_1,889,1186,1762,2362,2195
668,TESLA,TESLA MODEL X,90_2,1502,1209,1375,1939,40
669,TOYOTA,TOYOTA 4-RUNNER,92_1,0,2,2,59,7
670,TOYOTA,TOYOTA AURIS,92_3,0,1121,12484,12936,14999
671,TOYOTA,TOYOTA AVENSIS,92_4,0,1,1378,2795,4088
672,TOYOTA,TOYOTA AYGO,92_6,16537,21768,21371,20584,22027
673,TOYOTA,TOYOTA CAMRY,92_9,398,385,0,0,1
674,TOYOTA,TOYOTA CELICA,92_10,0,0,0,0,0
675,TOYOTA,TOYOTA C-HR,92_8,16351,17346,18052,13014,482
676,TOYOTA,TOYOTA COROLLA,92_11,17817,14079,4,56,9
677,TOYOTA,TOYOTA ESTIMA,92_14,0,0,0,1,1
678,TOYOTA,TOYOTA GRANVIA,92_16,0,0,0,0,0
679,TOYOTA,TOYOTA GT86,92_17,250,316,449,615,644
680,TOYOTA,TOYOTA HIACE,92_18,0,0,0,1,0
681,TOYOTA,TOYOTA HILUX,92_19,0,1,0,0,0
682,TOYOTA,TOYOTA IQ,92_20,0,0,0,0,0
683,TOYOTA,TOYOTA LANDCRUISER,92_21,341,620,648,504,665
684,TOYOTA,TOYOTA MR2,92_25,0,0,0,0,0
685,TOYOTA,TOYOTA PICNIC,92_27,0,0,0,0,0
686,TOYOTA,TOYOTA PREVIA,92_29,0,0,0,27,0
687,TOYOTA,TOYOTA PRIUS,92_30,1650,3059,4648,4949,5731
688,TOYOTA,TOYOTA PRIUS+,92_31,2723,3573,937,867,1135
689,TOYOTA,TOYOTA PROACE,92_32,431,516,1,0,0
690,TOYOTA,TOYOTA RAV4,92_34,12450,9458,7278,7696,7930
691,TOYOTA,TOYOTA SOARER,92_35,0,0,0,0,0
692,TOYOTA,TOYOTA STARLET,92_36,0,0,0,38,1
693,TOYOTA,TOYOTA SUPRA,92_37,259,102,0,5,0
694,TOYOTA,TOYOTA URBAN CRUISER,92_39,0,0,0,0,0
695,TOYOTA,TOYOTA VERSO,92_40,0,0,827,2141,3512
696,TOYOTA,TOYOTA YARIS,92_44,20813,27557,27188,25666,28590
697,TVR,TVR CERBERA,88_1,0,0,0,0,0
698,TVR,TVR SAGARIS,88_2,0,0,0,0,0
699,TVR,TVR T350,88_3,0,0,0,0,0
700,TVR,TVR TUSCAN,88_4,0,0,0,0,0
701,VAUXHALL,VAUXHALL ADAM,94_1,0,4716,5240,7160,9170
702,VAUXHALL,VAUXHALL AGILA,94_2,0,0,0,0,3
703,VAUXHALL,VAUXHALL AMPERA,94_3,0,0,0,0,2
704,VAUXHALL,VAUXHALL ANTARA,94_4,0,0,0,11,842
705,VAUXHALL,VAUXHALL ASTRA,94_5,6020,20595,28741,45275,57009
706,VAUXHALL,VAUXHALL CASCADA,94_7,0,0,49,208,499
707,VAUXHALL,VAUXHALL COMBO,94_8,3196,3412,359,17,0
708,VAUXHALL,VAUXHALL CORSA,94_9,45080,50763,50042,50049,73362
709,VAUXHALL,VAUXHALL CROSSLAND,94_10,18139,15112,12519,2425,0
710,VAUXHALL,VAUXHALL FRONTERA,94_11,0,0,0,0,0
711,VAUXHALL,VAUXHALL GRANDLAND,94_12,18195,21625,15903,49,0
712,VAUXHALL,VAUXHALL INSIGNIA,94_13,1325,7408,12737,15459,23111
713,VAUXHALL,VAUXHALL MERIVA,94_14,0,0,26,4340,6500
714,VAUXHALL,VAUXHALL MOKKA,94_15,0,21463,30468,34620,40031
715,VAUXHALL,VAUXHALL MONARO,94_17,0,0,0,0,0
716,VAUXHALL,VAUXHALL MOVANO,94_18,58,48,68,66,47
717,VAUXHALL,VAUXHALL OMEGA,94_19,0,0,0,0,0
718,VAUXHALL,VAUXHALL SIGNUM,94_20,0,0,0,0,0
719,VAUXHALL,VAUXHALL TIGRA,94_21,0,0,0,0,0
720,VAUXHALL,VAUXHALL VECTRA,94_22,0,0,0,0,1
721,VAUXHALL,VAUXHALL VIVA,94_23,0,4091,5377,9510,13720
722,VAUXHALL,VAUXHALL VIVARO,94_24,216,387,790,1055,1452
723,VAUXHALL,VAUXHALL VX220,94_25,0,0,0,0,0
724,VAUXHALL,VAUXHALL VXR8,94_26,0,0,8,7,8
725,VAUXHALL,VAUXHALL ZAFIRA,94_27,0,6,4721,10416,11645
726,VOLKSWAGEN,VOLKSWAGEN ARTEON,95_2,1521,2510,2181,534,0
727,VOLKSWAGEN,VOLKSWAGEN BEETLE,95_3,0,0,905,1483,2273
728,VOLKSWAGEN,VOLKSWAGEN BORA,95_4,0,0,0,0,0
729,VOLKSWAGEN,VOLKSWAGEN CADDY,95_5,266,1162,2525,2780,2130
730,VOLKSWAGEN,VOLKSWAGEN CADDYMAXI,95_7,1532,1440,3,0,0
731,VOLKSWAGEN,VOLKSWAGEN CALIFORNIA,95_9,188,1201,0,1,0
732,VOLKSWAGEN,VOLKSWAGEN CARAVELLE,95_11,615,736,60,91,41
733,VOLKSWAGEN,VOLKSWAGEN CC,95_12,0,0,1,256,1968
734,VOLKSWAGEN,VOLKSWAGEN EOS,95_13,0,0,0,0,37
735,VOLKSWAGEN,VOLKSWAGEN FOX,95_14,0,0,0,0,0
736,VOLKSWAGEN,VOLKSWAGEN GOLF,95_15,41724,57451,63029,70652,66862
737,VOLKSWAGEN,VOLKSWAGEN HIGH UP,95_33,0,507,1119,1732,183
738,VOLKSWAGEN,VOLKSWAGEN JETTA,95_18,4,9,31,395,1143
739,VOLKSWAGEN,VOLKSWAGEN LOOK UP,95_33,0,0,0,4,1219
740,VOLKSWAGEN,VOLKSWAGEN LUPO,95_19,0,0,0,0,0
741,VOLKSWAGEN,VOLKSWAGEN PASSAT,95_20,5940,7269,11706,14577,16057
742,VOLKSWAGEN,VOLKSWAGEN PHAETON,95_21,0,0,0,0,0
743,VOLKSWAGEN,VOLKSWAGEN POLO,95_22,26210,36314,43389,44732,51815
744,VOLKSWAGEN,VOLKSWAGEN SCIROCCO,95_23,0,0,601,4403,5244
745,VOLKSWAGEN,VOLKSWAGEN SHARAN,95_24,1430,4416,2763,2886,2819
746,VOLKSWAGEN,VOLKSWAGEN T-CROSS,95_37,7521,6758,0,0,0
747,VOLKSWAGEN,VOLKSWAGEN TIGUAN,95_26,24794,37182,30636,26625,19237
748,VOLKSWAGEN,VOLKSWAGEN TOUAREG,95_28,2224,3301,1614,3288,4083
749,VOLKSWAGEN,VOLKSWAGEN TOURAN,95_29,2138,2629,3549,3947,3528
750,VOLKSWAGEN,VOLKSWAGEN TRANSPORTER,95_30,1020,2219,1642,1253,1226
751,VOLKSWAGEN,VOLKSWAGEN T-ROC,95_25,16839,21258,15803,16,0
752,VOLKSWAGEN,VOLKSWAGEN UP,95_33,3302,6939,10060,8701,10441
753,VOLKSWAGEN,VOLKSWAGEN UP BY,95_33,203,820,1133,2198,850
754,VOLKSWAGEN,VOLKSWAGEN URBAN,95_14,0,0,0,0,0
755,VOLKSWAGEN,VOLKSWAGEN XL1,95_35,0,0,0,0,0
756,VOLVO,VOLVO C 30,96_1,0,0,0,0,0
757,VOLVO,VOLVO C30,96_1,0,0,0,0,0
758,VOLVO,VOLVO C70,96_2,0,0,0,0,0
759,VOLVO,VOLVO S40,96_3,0,0,0,0,0
760,VOLVO,VOLVO S60,96_4,1078,1098,888,1109,1190
761,VOLVO,VOLVO S70,96_19,0,0,0,0,0
762,VOLVO,VOLVO S80,96_5,0,0,0,0,176
763,VOLVO,VOLVO S90,96_6,1025,2050,2389,1368,283
764,VOLVO,VOLVO V40,96_7,0,8110,12787,13181,15226
765,VOLVO,VOLVO V50,96_9,0,0,1,0,0
766,VOLVO,VOLVO V60,96_10,2928,4648,3798,3158,3795
767,VOLVO,VOLVO V70,96_12,0,0,1,15,747
768,VOLVO,VOLVO V90,96_14,2353,4296,3864,2859,429
769,VOLVO,VOLVO XC40,96_20,24281,14894,6616,8,0
770,VOLVO,VOLVO XC60,96_16,7694,11182,10840,14994,14808
771,VOLVO,VOLVO XC70,96_17,0,0,0,17,1006
772,VOLVO,VOLVO XC90,96_18,4969,7495,6475,5564,5254
773,ZENOS,ZENOS E10,99_1,0,0,0,2,10
